Filename,Size,Unit
To-8361-1.42.130.019001-From-8258-1.38.151.018001.tgz,207.3,M
To-8361-1.42.130.019001-From-8258-1.39.3.018001.tgz,207.29,M
To-8361-1.42.130.019001.tgz,1.12,G
