Filename,Size,Unit
Far20b1807.x86.20110203.7z,2.95,M
Far175b2634.x86.20110203.7z,2.89,M
Far30b2432.x86.20120204.7z,2.62,M
