Filename,Size,Unit
1DFE6863-Max Payne 3 TU/tu00000006_00000000,10.43,M
6BE77557-FIFA 12 TU/tu00000003_00000000.crdownload,4.13,M
78AA9072-FIFA Street/TU_12K22BR_000000C000000.0000000000083,3.09,M
335F4A76-Resident Evil ORC TU/TU_11K620T_000000S000000.00000000000G7,2.91,M
2DF41A75-TCs Ghost Recon FS TU/TU_1AL621J_0000008000000.0000000000082,1.95,M
05544E32-Dragons Dogma TU/TU_11K620K_000000C000000.0000000000083,1.58,M
62499E6A-STREETFIGHTER X TEKKEN TU/TU_11K620F_000000G000000.00000000000O4,1.14,M
guide.nfo,992,B
Info-titles.nfo,441,B
sharedump.org.nfo,244,B
